GT_answer	generated_answer	rouge1	rouge2	rougeL	bleu4	meteor	cider	spice	bertscore
The architectural style of Aachen Cathedral is predominantly Carolingian which is characterized by its simplicity symmetry and use of heavy stone masonry	rchitectural style of it	0.15384615384615385	0.08333333333333333	0.15384615384615385	1.0587885462401788e-156	0.07425742574257424	0.0	0.11764705882352941	0.8318960666656494
The architectural style of Aachen Cathedral is predominantly Carolingian which is characterized by its simplicity symmetry and use of heavy stone masonry	rchitectural style of it	0.15384615384615385	0.08333333333333333	0.15384615384615385	1.0587885462401788e-156	0.07425742574257424	0.0	0.11764705882352941	0.8318960666656494
Answer: Abel Tasman National Park is located at the northern tip of the South Island of New Zealand between Golden Bay and Tasman Bay	re is it located	0.07142857142857142	0.0	0.07142857142857142	8.680023804553935e-234	0.022727272727272724	0.0	0.0	0.7887223958969116
The architectural style of Aachen Cathedral is predominantly Carolingian which is characterized by its simplicity symmetry and use of heavy stone masonry	rchitectural style of it	0.15384615384615385	0.08333333333333333	0.15384615384615385	1.0587885462401788e-156	0.07425742574257424	0.0	0.11764705882352941	0.8318960666656494
The architectural style of Aachen Cathedral is predominantly Carolingian which is characterized by its simplicity symmetry and use of heavy stone masonry	rchitectural style of it	0.15384615384615385	0.08333333333333333	0.15384615384615385	1.0587885462401788e-156	0.07425742574257424	0.0	0.11764705882352941	0.8318960666656494
Answer: Abel Tasman National Park is located at the northern tip of the South Island of New Zealand between Golden Bay and Tasman Bay	re is it located	0.14285714285714285	0.0	0.14285714285714285	1.0322346066768973e-233	0.04545454545454545	0.0	0.0	0.8370715379714966
Answer: Abel Tasman National Park is located at the northern tip of the South Island of New Zealand between Golden Bay and Tasman Bay	re is it located	0.14285714285714285	0.0	0.14285714285714285	1.0322346066768973e-233	0.04545454545454545	0.0	0.0	0.8370715379714966
Answer: The Abu Simbel temple is located on the banks of Lake Nasser in southern Egypt close to the border with Sudan	re is the it temple located	0.28571428571428575	0.0	0.21428571428571427	1.1438442421563587e-232	0.09803921568627451	0.0	0.1111111111111111	0.8530685305595398
Answer: The Abu Simbel temple is located on the banks of Lake Nasser in southern Egypt close to the border with Sudan	re is the it temple located	0.28571428571428575	0.0	0.21428571428571427	1.1438442421563587e-232	0.09803921568627451	0.0	0.1111111111111111	0.8530685305595398
answer: The first Europeans arrived in the region now known as Acadia National Park in the early 1600s French explorer Samuel de Champlain visited the coast of Maine in 1604 and claimed the land for France	n did the first European settlers arrive in what is now it	0.25	0.13043478260869562	0.25	1.8734367966736672e-232	0.126901455026455	0.0	0.0	0.8700366020202637
answer: The first Europeans arrived in the region now known as Acadia National Park in the early 1600s French explorer Samuel de Champlain visited the coast of Maine in 1604 and claimed the land for France	n did the first European settlers arrive in what is now it	0.25	0.13043478260869562	0.25	1.8734367966736672e-232	0.126901455026455	0.0	0.0	0.8700366020202637
answer: Accra is best known for being the capital city of Ghana located on the Atlantic coast of West Africa	t is it known for	0.24	0.08695652173913043	0.24	4.6218046454325824e-156	0.13813813813813813	0.0	0.0	0.8543624877929688
answer: Accra is best known for being the capital city of Ghana located on the Atlantic coast of West Africa	t is it known for	0.24	0.08695652173913043	0.24	4.6218046454325824e-156	0.13813813813813813	0.0	0.0	0.8543624877929688
answer: The Acropolis features a variety of architectural styles including Ionic Doric and Corinthian	t architectural styles can be found in the it	0.2608695652173913	0.09523809523809525	0.17391304347826086	3.4939917753558773e-155	0.18930041152263377	0.0	0.26666666666666666	0.8585405945777893
answer: The Acropolis features a variety of architectural styles including Ionic Doric and Corinthian	t architectural styles can be found in the it	0.2608695652173913	0.09523809523809525	0.17391304347826086	3.4939917753558773e-155	0.18930041152263377	0.0	0.26666666666666666	0.8585405945777893
Answer: The Acropolis Museum was inaugurated on June 20 2009 after many years of planning and construction	t date did the it open to the public	0.07692307692307691	0.0	0.07692307692307691	0.0	0.0308641975308642	0.0	0.0	0.8599744439125061
Answer: The Acropolis Museum was inaugurated on June 20 2009 after many years of planning and construction	t date did the it open to the public	0.07692307692307691	0.0	0.07692307692307691	0.0	0.0308641975308642	0.0	0.0	0.8599744439125061
A: The Acropolis of Athens has a long and storied history dating back to the 4th millennium BCE Over time it has been home to numerous settlements and religious structures including the iconic Parthenon In the 5th century BCE under the leadership of Pericles the site was transformed into a monumental complex dedicated to the goddess Athena In the subsequent centuries the Acropolis fell victim to various attacks and natural disasters resulting in significant damage to its buildings Today it stands as a testament to the rich cultural heritage of Ancient Greece and a symbol of democracy and Western civilization	e history of the it	0.07619047619047618	0.0	0.07619047619047618	9.653519187804212e-240	0.022099447513812154	0.0	0.030303030303030304	0.8185052275657654
A: The Acropolis of Athens has a long and storied history dating back to the 4th millennium BCE Over time it has been home to numerous settlements and religious structures including the iconic Parthenon In the 5th century BCE under the leadership of Pericles the site was transformed into a monumental complex dedicated to the goddess Athena In the subsequent centuries the Acropolis fell victim to various attacks and natural disasters resulting in significant damage to its buildings Today it stands as a testament to the rich cultural heritage of Ancient Greece and a symbol of democracy and Western civilization	e history of the it	0.07619047619047618	0.0	0.07619047619047618	9.653519187804212e-240	0.022099447513812154	0.0	0.030303030303030304	0.8185052275657654
answer: It honors the brave men and women who served in the United States Colored Troops during the Civil War	t is the significance of the it	0.2222222222222222	0.0	0.14814814814814817	2.0794305374444988e-232	0.08021390374331551	0.0	0.0	0.8461589813232422
answer: It honors the brave men and women who served in the United States Colored Troops during the Civil War	t is the significance of the it	0.2222222222222222	0.0	0.14814814814814817	2.0794305374444988e-232	0.08021390374331551	0.0	0.0	0.8461589813232422
Answer: The construction of the fort started in 1565 and was completed in 1573	n was it built	0.11111111111111112	0.0	0.11111111111111112	1.057443375777407e-232	0.07692307692307691	0.0	0.0	0.8556537628173828
Answer: The construction of the fort started in 1565 and was completed in 1573	n was it built	0.11111111111111112	0.0	0.11111111111111112	1.057443375777407e-232	0.07692307692307691	0.0	0.0	0.8556537628173828
Answer: It is located at Dover Air Force Base in Dover Delaware	re is the it located	0.35294117647058826	0.0	0.23529411764705882	3.572819258687922e-232	0.1327433628318584	0.0	0.0	0.8566198348999023
Answer: It is located at Dover Air Force Base in Dover Delaware	re is the it located	0.35294117647058826	0.0	0.23529411764705882	3.572819258687922e-232	0.1327433628318584	0.0	0.0	0.8566198348999023
Answer: The Kingdom of Aksum was an ancient African civilization located in presentday Ethiopia and Eritrea that thrived between the 1st and 8th centuries AD It played a significant role in the history of the Horn of Africa and beyond serving as a powerful military and economic force in the region	t was the historical significance of the Kingdom of it	0.2622950819672131	0.10169491525423728	0.19672131147540983	1.4938243145753565e-156	0.08528784648187633	0.0	0.04878048780487805	0.8353973031044006
Answer: The Kingdom of Aksum was an ancient African civilization located in presentday Ethiopia and Eritrea that thrived between the 1st and 8th centuries AD It played a significant role in the history of the Horn of Africa and beyond serving as a powerful military and economic force in the region	t was the historical significance of the Kingdom of it	0.2622950819672131	0.10169491525423728	0.19672131147540983	1.4938243145753565e-156	0.08528784648187633	0.0	0.04878048780487805	0.8353973031044006
Answer: The Alamo is historically significant due to its role as a symbol of resistance and sacrifice during the Texas Revolution It represents the courage and determination of the small group of Texan defenders who fought against the much larger Mexican forces inspiring others to join the fight for independence	t is the historical significance of the it	0.24137931034482757	0.07142857142857142	0.20689655172413793	4.0466363352576876e-157	0.10471437483290262	0.0	0.0	0.8538047075271606
Answer: The Alamo is historically significant due to its role as a symbol of resistance and sacrifice during the Texas Revolution It represents the courage and determination of the small group of Texan defenders who fought against the much larger Mexican forces inspiring others to join the fight for independence	t is the historical significance of the it	0.24137931034482757	0.07142857142857142	0.20689655172413793	4.0466363352576876e-157	0.10471437483290262	0.0	0.0	0.8538047075271606
Visitors can see many different species of marine life including puffins sea lions octopus and various fish species	of animals can visitors see at the center	0.30769230769230765	0.0	0.15384615384615383	4.084585940286461e-232	0.11764705882352941	0.0	0.10526315789473684	0.8593822121620178
Visitors can see many different species of marine life including puffins sea lions octopus and various fish species	of animals can visitors see at the center	0.30769230769230765	0.0	0.15384615384615383	4.084585940286461e-232	0.11764705882352941	0.0	0.10526315789473684	0.8593822121620178
answer: In Albuquerque New Mexico	re does the Albuquerque International Balloon Fiesta take place every year	0.12500000000000003	0.0	0.12500000000000003	1.0003688322288243e-231	0.0892857142857143	0.0	0.0	0.8374438285827637
answer: In Albuquerque New Mexico	re does the Albuquerque International Balloon Fiesta take place every year	0.12500000000000003	0.0	0.12500000000000003	1.0003688322288243e-231	0.0892857142857143	0.0	0.0	0.8374438285827637
Answer: The total area of Alcatraz Island is reported to be 22 acres 89 hectares	t is the total area of it Island	0.5217391304347827	0.2857142857142857	0.43478260869565216	2.114674930932958e-78	0.39335664335664333	0.0	0.4	0.8680649995803833
Answer: The total area of Alcatraz Island is reported to be 22 acres 89 hectares	t is the total area of it Island	0.5217391304347827	0.2857142857142857	0.43478260869565216	2.114674930932958e-78	0.39335664335664333	0.0	0.4	0.8680649995803833
answer: The Saint Alexander Nevsky Cathedral has been built in the NeoByzantine style	t is the architectural style of the Saint it	0.3636363636363637	0.1	0.18181818181818185	8.875814970513353e-232	0.15873015873015875	0.0	0.16666666666666666	0.858265221118927
answer: The Saint Alexander Nevsky Cathedral has been built in the NeoByzantine style	t is the architectural style of the Saint it	0.3636363636363637	0.1	0.18181818181818185	8.875814970513353e-232	0.15873015873015875	0.0	0.16666666666666666	0.858265221118927
What type of architecture is the Alhambra most closely associated with?	onument and UNESCO World Heritage Site located in Grenade Spain	0.0	0.0	0.0	0.0	0.0	0.0	0.0	0.8117284774780273
What type of architecture is the Alhambra most closely associated with?	onument and UNESCO World Heritage Site located in Grenade Spain	0.0	0.0	0.0	0.0	0.0	0.0	0.0	0.8117284774780273
The construction of Amalienborg Palace represents a significant moment in Danish history as it symbolizes the transition from absolutism to constitutional monarchy after the fire at Christiansborg Palace This event marked the beginning of a new era for Denmark where the power of the king was limited by a written constitution creating a balance between the executive legislative and judicial branches of government Additionally the design of the palace itself reflects this shift towards modernity incorporating elements of neoclassical architecture while still paying homage to traditional Danish styles	istorical significance of it	0.06521739130434782	0.0	0.04347826086956522	1.1616270181365034e-240	0.018844221105527637	0.0	0.0	0.7961637377738953
The construction of Amalienborg Palace represents a significant moment in Danish history as it symbolizes the transition from absolutism to constitutional monarchy after the fire at Christiansborg Palace This event marked the beginning of a new era for Denmark where the power of the king was limited by a written constitution creating a balance between the executive legislative and judicial branches of government Additionally the design of the palace itself reflects this shift towards modernity incorporating elements of neoclassical architecture while still paying homage to traditional Danish styles	istorical significance of it	0.06521739130434782	0.0	0.04347826086956522	1.1616270181365034e-240	0.018844221105527637	0.0	0.0	0.7961637377738953
Answer: The Amazon rainforest spans across nine countries in South America including Brazil Peru Colombia and others	re is the Amazon rainforest located	0.2608695652173913	0.19047619047619047	0.2608695652173913	1.2118332120243322e-155	0.1851851851851852	0.0	0.0	0.8853339552879333
Answer: The Amazon rainforest spans across nine countries in South America including Brazil Peru Colombia and others	re is the Amazon rainforest located	0.2608695652173913	0.19047619047619047	0.2608695652173913	1.2118332120243322e-155	0.1851851851851852	0.0	0.0	0.8853339552879333
The Answer would be: The Amazon Rainforest spans across nine countries in South America including Brazil Peru Columbia Bolivia Ecuador French Guiana Guyana Suriname and Venezuela	would be: What is the location of the it	0.2285714285714286	0.06060606060606061	0.17142857142857146	9.210062325836968e-156	0.12988683127572018	0.0	0.0	0.8164105415344238
